Abbreviation,FactorName,FactorCategory,DonorHb_Cat,Base_Pre,Base_Pre_SE,Full_Pre,Full_Pre_SE,Base_Post,Base_Post_SE,Full_Post,Full_Post_SE,Base_Diff,Base_Diff_SE,Base_Diff_LCL,Base_Diff_UCL,Full_Diff,Full_Diff_SE,Full_Diff_LCL,Full_Diff_UCL,Storage_Cat,DonorSex,DonorParity,wdy_donation
ARTm,DonorHb_Cat,1,1,79.6563908,0.3336248961,74.702655028,0.3085721431,81.250653117,0.3336090746,76.152654912,0.3086319455,1.5942623174,0.4718056654,0.6695232132,2.5190014216,1.4499998845,0.4364291985,0.5945986554,2.3054011135,,,,
ARTm,DonorHb_Cat,2,2,79.599466613,0.3281465533,74.716051028,0.3026355836,81.193728931,0.3281273594,76.166050913,0.3026926239,1.5942623174,0.4640557342,0.6847130784,2.5038115565,1.4499998845,0.4280316823,0.6110577873,2.2889419817,,,,
ARTm,DonorHb_Cat,3,3,79.485465064,0.3280532059,74.595484022,0.3025369983,81.079727382,0.3280362941,76.045483907,0.3025964261,1.5942623174,0.4639253346,0.6849686616,2.5035559732,1.4499998845,0.42789395,0.6113277425,2.2886720265,,,,
ARTm,DonorHb_Cat,4,4,79.556002149,0.3294165419,74.598232516,0.3040345632,81.150264467,0.3293980001,76.0482324,0.3040921613,1.5942623174,0.4658522304,0.6811919459,2.507332689,1.4499998845,0.4300105326,0.6071792405,2.2928205285,,,,
ARTm,DonorHb_Cat,5,5,79.15543907,0.3613185604,74.111804984,0.3381557624,80.749701387,0.3613147969,75.561804868,0.338224994,1.5942623174,0.5109789473,0.5927435807,2.5957810542,1.4499998845,0.478273422,0.5125839773,2.3874157917,,,,
ARTm,Storage_Cat,1,,79.566101987,0.3352564676,74.699895232,0.3091558291,81.152439681,0.3352459538,76.143942957,0.3092250271,1.5863376932,0.4741168091,0.6570687475,2.515606639,1.4440477256,0.4372612995,0.5870155785,2.3010798727,1,,,
ARTm,Storage_Cat,2,,79.580125522,0.3328487021,74.788464298,0.306501944,81.166463215,0.3328330099,76.232512024,0.3065644695,1.5863376932,0.4707080528,0.6637499097,2.5089254767,1.4440477256,0.4335034205,0.5943810214,2.2937144298,2,,,
ARTm,Storage_Cat,3,,79.543490007,0.333663761,74.647770768,0.3074019583,81.1298277,0.3336464366,76.091818493,0.3074617143,1.5863376932,0.471859566,0.6614929438,2.5111824427,1.4440477256,0.4347742745,0.5918901476,2.2962053036,3,,,
ARTm,Storage_Cat,4,,79.674855224,0.3370193272,75.102714749,0.3109302727,81.261192917,0.3370030269,76.546762474,0.3109887724,1.5863376932,0.4766057774,0.6521903695,2.5204850169,1.4440477256,0.4397631761,0.5821119004,2.3059835508,4,,,
ARTm,Storage_Cat,5,,80.400210493,0.3511315911,75.601684595,0.3261220088,81.986548186,0.3511160058,77.04573232,0.3261747207,1.5863376932,0.496564038,0.6130721788,2.5596032077,1.4440477256,0.4612434423,0.5400105786,2.3480848725,5,,,
ARTm,DonorSex,1,,79.493448332,0.3266566286,74.602378847,0.3011451607,81.088253106,0.3266425546,76.055521464,0.3012055896,1.594804774,0.4619522827,0.6893783,2.500231248,1.4531426172,0.4259263023,0.6183270646,2.2879581698,,1,,
ARTm,DonorSex,2,,79.5852518,0.3267427016,74.687511749,0.3012387552,81.180056574,0.3267261565,76.140654366,0.3012963905,1.594804774,0.462072261,0.6891431423,2.5004664056,1.4531426172,0.4260566893,0.6180715061,2.2882137283,,2,,
ARTm,DonorParity,0,,79.53850131,0.3265505195,74.636804673,0.301031239,81.133938326,0.3265360072,76.090295097,0.3010914899,1.5954370164,0.4618019118,0.6903052692,2.5005687636,1.4534904242,0.4257650668,0.6189908933,2.2879899551,,,0,
ARTm,DonorParity,1,,79.551539323,0.3269811488,74.667730144,0.3014878358,81.146976339,0.3269643827,76.121220569,0.3015445781,1.5954370164,0.46240932,0.6891147492,2.5017592836,1.4534904242,0.426408311,0.6177301345,2.2892507138,,,1,
ARTm,wdy_donation,1,,73.092819211,1.4087108174,70.697538382,1.3995357472,74.688373132,1.4087219252,72.151073552,1.3995582067,1.5955539208,1.9922257979,-2.309208643,5.5003164846,1.4535351704,1.979258316,-2.425811129,5.3328814699,,,,1
ARTm,wdy_donation,2,,79.417670567,0.3273668403,74.576064299,0.3018985781,81.013224488,0.3273507883,76.02959947,0.3019568946,1.5955539208,0.4629552751,0.6881615816,2.50294626,1.4535351704,0.4269903016,0.6166341794,2.2904361615,,,,2
ARTm,wdy_donation,3,,79.477957953,0.3273803031,74.609754513,0.3019148794,81.073511874,0.3273635004,76.063289683,0.3019723295,1.5955539208,0.4629737835,0.688125305,2.5029825365,1.4535351704,0.4270127424,0.6165901953,2.2904801456,,,,3
ARTm,wdy_donation,4,,79.710668074,0.3271806986,74.805065134,0.3017130008,81.306221994,0.3271657355,76.258600304,0.3017728175,1.5955539208,0.4626928009,0.688676031,2.5024318106,1.4535351704,0.4267289165,0.617146494,2.2899238468,,,,4
ARTm,wdy_donation,5,,79.471589135,0.3276058849,74.521694802,0.3021912152,81.067143056,0.3275914747,75.975229972,0.3022508386,1.5955539208,0.4632944961,0.6874967084,2.5036111332,1.4535351704,0.4274050772,0.6158212192,2.2912491217,,,,5
ARTm,wdy_donation,6,,79.556001043,0.3292996603,74.704911373,0.3039541224,81.151554964,0.3292872649,76.158446543,0.3040120221,1.5955539208,0.4656912809,0.6827990103,2.5083088313,1.4535351704,0.4298969854,0.6109370791,2.2961332618,,,,6
ARTm,wdy_donation,7,,79.721554781,0.3309704582,74.582661371,0.3058845101,81.317108701,0.330959147,76.036196541,0.3059501636,1.5955539208,0.4680549126,0.6781662921,2.5129415495,1.4535351704,0.4326324492,0.60557557,2.3014947709,,,,7
ARTs,DonorHb_Cat,1,1,129.57419112,0.532920235,123.15107253,0.4979359085,131.63331017,0.5329096003,125.04112844,0.4979753353,2.0591190485,0.7536555041,0.5819542605,3.5362838366,1.8900559032,0.7042155945,0.5097933379,3.2703184684,,,,
ARTs,DonorHb_Cat,2,2,129.51296783,0.5292574248,123.19733009,0.4940174727,131.57208688,0.5292440372,125.087386,0.4940539458,2.0591190485,0.7484735617,0.5921108676,3.5261272295,1.8900559032,0.6986720008,0.5206587816,3.2594530247,,,,
ARTs,DonorHb_Cat,3,3,129.54754339,0.5291949659,123.22230753,0.4939523063,131.60666244,0.5291831969,125.11236343,0.4939904351,2.0591190485,0.748386376,0.5922817515,3.5259563455,1.8900559032,0.6985810124,0.520837119,3.2592746874,,,,
ARTs,DonorHb_Cat,4,4,129.54257292,0.5301024925,123.13356002,0.4949356882,131.60169197,0.5300895384,125.02361592,0.4949726447,2.0591190485,0.7496689744,0.5897678586,3.5284702384,1.8900559032,0.6999708954,0.5181129481,3.2619988582,,,,
ARTs,DonorHb_Cat,5,5,129.76438892,0.5519448776,123.35374912,0.518091407,131.82350797,0.5519425543,125.24380502,0.5181398338,2.0591190485,0.7805662888,0.5292091224,3.5890289746,1.8900559032,0.732726138,0.4539126727,3.3261991336,,,,
ARTs,Storage_Cat,1,,129.443218,0.5370166828,123.21410295,0.5009146868,131.51073796,0.537009541,125.11495349,0.5009599341,2.0675199634,0.759451226,0.5789955604,3.5560443664,1.9008505413,0.7084323391,0.5123231567,3.2893779259,1,,,
ARTs,Storage_Cat,2,,129.59486771,0.5354052484,123.45324749,0.4991608209,131.66238767,0.5353945807,125.35409803,0.4992013452,2.0675199634,0.7571698204,0.5834671154,3.5515728115,1.9008505413,0.7059486583,0.517191171,3.2845099116,2,,,
ARTs,Storage_Cat,3,,129.54103171,0.5359533572,123.27971126,0.4997583353,131.60855167,0.5359412701,125.1805618,0.4997968175,2.0675199634,0.7579439597,0.5819498024,3.5530901245,1.9008505413,0.7067922272,0.5155377759,3.2861633067,3,,,
ARTs,Storage_Cat,4,,129.2859242,0.5382063766,123.42707393,0.5020981157,131.35344416,0.5381944323,125.32792447,0.5021355429,2.0675199634,0.7611303114,0.5757045532,3.5593353737,1.9008505413,0.7101004304,0.5090536976,3.292647385,4,,,
ARTs,Storage_Cat,5,,130.70735141,0.5478021784,124.59291068,0.5123158101,132.77487137,0.5477905573,126.49376122,0.5123504253,2.0675199634,0.7747010529,0.5491058998,3.5859340271,1.9008505413,0.7245484439,0.4807355912,3.3209654914,5,,,
ARTs,DonorSex,1,,129.5790045,0.5276906525,123.24017581,0.4923368108,131.63477771,0.5276808235,125.13003408,0.4923756582,2.0557732158,0.7462603274,0.5931029741,3.5184434575,1.8898582764,0.6962968649,0.5251164211,3.2546001316,,1,,
ARTs,DonorSex,2,,129.42350169,0.527748582,123.06573168,0.4923989739,131.47927491,0.5277370819,124.95558996,0.4924359676,2.0557732158,0.7463410704,0.5929447177,3.5186017138,1.8898582764,0.6963834659,0.5249466831,3.2547698696,,2,,
ARTs,DonorParity,0,,129.60018788,0.5275491079,123.25418876,0.4922084297,131.65465235,0.5275389982,125.14260193,0.4922471593,2.0544644715,0.7460599546,0.5921869606,3.5167419824,1.8884131657,0.6961152233,0.524027328,3.2527990034,,,0,
ARTs,DonorParity,1,,129.3230776,0.5278365414,122.98089066,0.4925092157,131.37754207,0.5278248717,124.86930383,0.4925456271,2.0544644715,0.7464653439,0.5913923975,3.5175365455,1.8884131657,0.6965389597,0.5231968047,3.2536295267,,,1,
ARTs,wdy_donation,1,,125.56702708,1.5121356365,122.73722617,1.4952030356,127.62169147,1.5121471269,124.62561421,1.4952259676,2.0546643851,2.1384908502,-2.136777681,6.2461064516,1.8883880347,2.1145526268,-2.256135114,6.0329111832,,,,1
ARTs,wdy_donation,2,,129.3478053,0.5281490202,123.06999122,0.4928248362,131.40246969,0.5281377097,124.95837926,0.492862174,2.0546643851,0.7469075097,0.5907256661,3.5186031041,1.8883880347,0.6969859695,0.5222955344,3.2544805349,,,,2
ARTs,wdy_donation,3,,129.5286914,0.5281582615,123.21416206,0.4928358137,131.58335579,0.5281466917,125.10255009,0.4928728848,2.0546643851,0.7469203954,0.5907004101,3.5186283601,1.8883880347,0.6970013055,0.5222654759,3.2545105934,,,,3
ARTs,wdy_donation,4,,129.53907798,0.5280243809,123.19497902,0.4927024113,131.59374237,0.5280139454,125.08336705,0.492740889,2.0546643851,0.7467318618,0.591069936,3.5182588341,1.8883880347,0.6968136406,0.5226332991,3.2541427702,,,,4
ARTs,wdy_donation,5,,129.26507338,0.5283094992,122.84765136,0.4930190641,131.31973777,0.528299431,124.73603939,0.4930574654,2.0546643851,0.7471353396,0.5902791194,3.5190496507,1.8883880347,0.6972614013,0.5217556881,3.2550203812,,,,5
ARTs,wdy_donation,6,,129.85944969,0.529438354,123.56860812,0.4941770878,131.91411407,0.529429625,125.45699616,0.4942144915,2.0546643851,0.7487327284,0.5871482375,3.5221805327,1.8883880347,0.6988983887,0.5185471928,3.2582288765,,,,6
ARTs,wdy_donation,7,,130.50521231,0.5305601172,123.86207488,0.4954589539,132.55987669,0.5305523191,125.75046291,0.4955018987,2.0546643851,0.7503197993,0.5840375784,3.5252911918,1.8883880347,0.7007151394,0.5149863615,3.2617897078,,,,7
ARTd,DonorHb_Cat,1,1,58.084183243,0.2730127307,54.490251078,0.2619091659,59.319252567,0.2729975028,55.62068274,0.2619683821,1.2350693241,0.3860875389,0.4783377479,1.9918009003,1.1304316622,0.3704373691,0.4043744188,1.8564889056,,,,
ARTd,DonorHb_Cat,2,2,57.947057802,0.2674134942,54.40355941,0.2560508939,59.182127126,0.2673938684,55.533991072,0.2561066233,1.2350693241,0.378165913,0.4938641346,1.9762745135,1.1304316622,0.3621500556,0.4206175532,1.8402457712,,,,
ARTd,DonorHb_Cat,3,3,57.898538881,0.2673173099,54.350681427,0.255952757,59.133608205,0.2673001711,55.481113089,0.2560110077,1.2350693241,0.3780316463,0.4941272973,1.9760113509,1.1304316622,0.3620130521,0.4208860801,1.8399772443,,,,
ARTd,DonorHb_Cat,4,4,57.878004615,0.2687132621,54.279718747,0.2574331311,59.113073939,0.26869455,55.410150409,0.2574896199,1.2350693241,0.3800047084,0.4902600956,1.9798785525,1.1304316622,0.3641053712,0.4167851346,1.8440781898,,,,
ARTd,DonorHb_Cat,5,5,57.563188159,0.3009849049,53.880743717,0.2908405323,58.798257483,0.3009825932,55.011175379,0.2909086972,1.2350693241,0.4256552999,0.4007849362,2.069353712,1.1304316622,0.411358828,0.3241683593,1.9366949651,,,,
ARTd,Storage_Cat,1,,57.891930158,0.2740661611,54.340491424,0.2623938867,59.116569497,0.2740558358,55.462415672,0.2624621864,1.2246393391,0.387580781,0.4649810083,1.9842976698,1.1219242484,0.3711292916,0.3945108368,1.84933766,1,,,
ARTd,Storage_Cat,2,,57.982158007,0.2715935949,54.481221461,0.2597637527,59.206797346,0.2715778406,55.603145709,0.2598254378,1.2246393391,0.3840802055,0.4718421362,1.9774365419,1.1219242484,0.3674050426,0.4018103649,1.842038132,2,,,
ARTd,Storage_Cat,3,,58.036749789,0.2724289001,54.457875989,0.2606535967,59.261389128,0.2724110364,55.579800237,0.2607121038,1.2246393391,0.3852600139,0.4695297117,1.9797489664,1.1219242484,0.3686612246,0.3993482481,1.8445002487,3,,,
ARTd,Storage_Cat,4,,58.140798508,0.2758678278,54.808245679,0.2641440553,59.365437847,0.275850685,55.930169927,0.2642008237,1.2246393391,0.3901239019,0.4599964914,1.9892821867,1.1219242484,0.3735962489,0.3896756005,1.8541728963,4,,,
ARTd,Storage_Cat,5,,58.437306501,0.2902896293,54.92989592,0.2791486225,59.66194584,0.2902734113,56.051820169,0.2791993628,1.2246393391,0.4105200631,0.4200200155,2.0292586627,1.1219242484,0.3948116483,0.3480934178,1.895755079,5,,,
ARTd,DonorSex,1,,57.871973127,0.2661018698,54.325416184,0.2547520623,59.10703729,0.2660875453,55.457992248,0.254811105,1.2350641633,0.3763147444,0.4974872643,1.9726410623,1.1325760646,0.3603155735,0.4263575405,1.8387945887,,1,,
ARTd,DonorSex,2,,57.964813577,0.2661894192,54.41584389,0.2548440439,59.19987774,0.2661725093,55.548419954,0.2549002655,1.2350641633,0.3764367299,0.4972481728,1.9728801538,1.1325760646,0.36044366,0.426106491,1.8390456382,,2,,
ARTd,DonorParity,0,,57.891998482,0.2660106218,54.337515169,0.2546489026,59.127905877,0.2659958732,55.470719482,0.2547077865,1.2359073947,0.3761854003,0.4985840101,1.9732307794,1.1332043128,0.3601695713,0.4272719531,1.8391366725,,,0,
ARTd,DonorParity,1,,57.984694143,0.2664507234,54.447692791,0.2550996373,59.220601538,0.2664334977,55.580897104,0.2551548738,1.2359073947,0.3768060465,0.4973675435,1.974447246,1.1332043128,0.3608044271,0.4260276358,1.8403809898,,,1,
ARTd,wdy_donation,1,,52.6501763,1.2774459553,50.886549259,1.2730521883,53.886165485,1.2774566635,52.019852559,1.2730732167,1.2359891852,1.8065889671,-2.30492519,4.7769035606,1.1333033002,1.8003825397,-2.395446478,4.662053078,,,,1
ARTd,wdy_donation,2,,57.785975419,0.2668849444,54.278615708,0.2555556654,59.021964604,0.2668684445,55.411919009,0.2556124046,1.2359891852,0.377420641,0.4962447289,1.9757336415,1.1333033002,0.3614504109,0.424860495,1.8417461055,,,,2
ARTd,wdy_donation,3,,57.890407473,0.2668978876,54.361753216,0.2555711912,59.126396659,0.2668808954,55.495056516,0.2556274203,1.2359891852,0.3774385973,0.4962095346,1.9757688358,1.1333033002,0.3614720069,0.4248181666,1.8417884338,,,,3
ARTd,wdy_donation,4,,58.134916609,0.2666960874,54.575617391,0.2553740477,59.370905794,0.2666807558,55.708920692,0.255432334,1.2359891852,0.3771543829,0.4967665947,1.9752117757,1.1333033002,0.3611946587,0.4253617691,1.8412448313,,,,4
ARTd,wdy_donation,5,,57.844709976,0.2671283355,54.255968355,0.255843528,59.080699162,0.2671136364,55.389271655,0.2559016776,1.2359891852,0.3777661213,0.4955675875,1.9764107828,1.1333033002,0.3618585075,0.4240606256,1.8425459749,,,,5
ARTd,wdy_donation,6,,57.817621352,0.2688573571,54.305851765,0.2575792671,59.053610537,0.2688447329,55.439155066,0.2576356396,1.2359891852,0.3802127942,0.4907721085,1.9812062619,1.1333033002,0.3643119565,0.4192518654,1.847354735,,,,6
ARTd,wdy_donation,7,,57.903493713,0.2705678217,54.175561096,0.2594876185,59.139482899,0.2705568806,55.308864396,0.2595521482,1.2359891852,0.3826329466,0.4860286099,1.9859497605,1.1333033002,0.3670165416,0.4139508788,1.8526557217,,,,7
Hjärtfrekv,DonorHb_Cat,1,1,87.643496374,0.4438606374,87.646338638,0.4424651687,86.760974574,0.4438586283,86.739483251,0.4424732841,-0.8825218,0.6277123126,-2.112837933,0.3477943323,-0.906855387,0.6257459809,-2.13331751,0.3196067354,,,,
Hjärtfrekv,DonorHb_Cat,2,2,88.066655419,0.4430306969,88.082078433,0.4416303688,87.184133619,0.4430282074,87.175223046,0.4416379381,-0.8825218,0.6265382597,-2.110536789,0.3454931888,-0.906855387,0.6245650094,-2.131002806,0.3172920313,,,,
Hjärtfrekv,DonorHb_Cat,3,3,87.649577605,0.4430167759,87.65798074,0.4416168699,86.767055805,0.4430145265,86.751125353,0.4416246841,-0.8825218,0.6265187423,-2.110498535,0.3454549346,-0.906855387,0.6245460923,-2.130965728,0.3172549537,,,,
Hjärtfrekv,DonorHb_Cat,4,4,88.051925573,0.443220912,88.071014492,0.4418241808,87.169403773,0.4432184039,87.164159105,0.4418317366,-0.8825218,0.6268072514,-2.111064013,0.3460204124,-0.906855387,0.6248390915,-2.131540007,0.3178292321,,,,
Hjärtfrekv,DonorHb_Cat,5,5,85.64546669,0.448192788,85.738527227,0.446794184,84.76294489,0.4481914897,84.83167184,0.4468033585,-0.8825218,0.6338394013,-2.124847027,0.3598034263,-0.906855387,0.631868882,-2.145318396,0.3316076215,,,,
Hjärtfrekv,Storage_Cat,1,,87.314005572,0.4499654222,87.006500738,0.4478924796,86.406288028,0.4499641488,86.078369512,0.4479012744,-0.907717544,0.6363463022,-2.154956296,0.3395212085,-0.928131226,0.633421838,-2.169638028,0.3133755769,1,,,
Hjärtfrekv,Storage_Cat,2,,87.536075541,0.4496184827,87.274336389,0.4475381339,86.628357997,0.4496165602,86.346205163,0.4475461108,-0.907717544,0.6358551967,-2.153993729,0.3385586418,-0.928131226,0.6329201392,-2.168654698,0.3123922471,2,,,
Hjärtfrekv,Storage_Cat,3,,88.125173957,0.4497369682,87.902074796,0.4476602308,87.217456413,0.4497348555,86.97394357,0.4476678881,-0.907717544,0.636022626,-2.154321891,0.3388868032,-0.928131226,0.6330925843,-2.168992691,0.3127302396,3,,,
Hjärtfrekv,Storage_Cat,4,,88.138405289,0.4502318253,87.813949337,0.4481444715,87.230687745,0.4502302402,86.885818112,0.4481524913,-0.907717544,0.6367228327,-2.155694296,0.3402592083,-0.928131226,0.6337776604,-2.17033544,0.3140729887,4,,,
Hjärtfrekv,Storage_Cat,5,,87.141958054,0.4523583901,86.998380951,0.4502773107,86.23424051,0.4523563489,86.070249725,0.4502844563,-0.907717544,0.639729927,-2.161588201,0.3461531132,-0.928131226,0.6367933323,-2.176246157,0.3199837057,5,,,
Hjärtfrekv,DonorSex,1,,87.80037486,0.4413696394,87.76007439,0.4400610216,86.901968868,0.4413678348,86.836797793,0.4400690841,-0.898405992,0.624189654,-2.121817714,0.3250057297,-0.923276597,0.6223459661,-2.14307469,0.2965214966,,1,,
Hjärtfrekv,DonorSex,2,,87.975050343,0.4413843203,87.929355564,0.4400754635,87.076644351,0.441382173,87.006078968,0.4400831543,-0.898405992,0.6242101736,-2.121857932,0.3250459481,-0.923276597,0.6223661272,-2.143114206,0.2965610123,,2,,
Hjärtfrekv,DonorParity,0,,87.800629496,0.4413277879,87.758194268,0.4400253738,86.905208479,0.4413259146,86.83779879,0.4400334157,-0.895421017,0.6241304185,-2.118716638,0.3278746029,-0.920395479,0.6222955379,-2.140094733,0.2993037758,,,0,
Hjärtfrekv,DonorParity,1,,88.003477507,0.4413946448,87.953549624,0.4400906626,87.10805649,0.4413924724,87.033154145,0.4400982475,-0.895421017,0.624224757,-2.118901541,0.3280595063,-0.920395479,0.6223875471,-2.140275071,0.2994841138,,,1,
Hjärtfrekv,wdy_donation,1,,112.48517045,0.7678038737,112.70181398,0.76613235,111.59048822,0.7678076747,111.78199099,0.7661400816,-0.894682228,1.0858413391,-3.022931252,1.2335667969,-0.919822988,1.083480227,-3.043444233,1.2037982565,,,,1
Hjärtfrekv,wdy_donation,2,,87.684934923,0.441729757,87.624323022,0.4404441642,86.790252695,0.4417276571,86.704500033,0.4404519416,-0.894682228,0.6246987284,-2.119091735,0.32972728,-0.919822988,0.62288761,-2.140682704,0.3010367272,,,,2
Hjärtfrekv,wdy_donation,3,,87.421368212,0.4417308956,87.373082264,0.4404458187,86.526685984,0.4417287575,86.453259276,0.4404535785,-0.894682228,0.6247003116,-2.119094838,0.329730383,-0.919822988,0.6228899373,-2.140687266,0.3010412887,,,,3
Hjärtfrekv,wdy_donation,4,,87.963084208,0.4417022831,87.921394761,0.4404184207,87.068401981,0.4417004097,87.001571772,0.4404264411,-0.894682228,0.6246600346,-2.119015896,0.32965144,-0.919822988,0.622851375,-2.140611683,0.3009657065,,,,4
Hjärtfrekv,wdy_donation,5,,88.575805934,0.4417675061,88.551630916,0.440487809,87.681123706,0.4417655984,87.631807928,0.4404957351,-0.894682228,0.6247522496,-2.119196637,0.3298321815,-0.919822988,0.6229494382,-2.140803887,0.3011579104,,,,5
Hjärtfrekv,wdy_donation,6,,87.835270422,0.4420277884,87.84481671,0.440738708,86.940588194,0.442026077,86.924993721,0.440746372,-0.894682228,0.6251204832,-2.119918375,0.3305539193,-0.919822988,0.6233040776,-2.141498981,0.3018530036,,,,6
Hjärtfrekv,wdy_donation,7,,87.511801351,0.4422871773,87.486831193,0.4410172704,86.617119123,0.4422857053,86.567008204,0.4410261323,-0.894682228,0.6254874838,-2.120637696,0.3312732404,-0.919822988,0.6236988714,-2.142272776,0.3026267994,,,,7
FIO2(u),DonorHb_Cat,1,1,37.68322952,0.4590378456,38.028122004,0.4574211529,37.934236681,0.459031339,38.238669898,0.457428308,0.2510071613,0.6491729461,-1.021371813,1.5233861356,0.2105478935,0.6468962576,-1.057368771,1.4784645583,,,,
FIO2(u),DonorHb_Cat,2,2,37.360472369,0.4583200217,37.694616049,0.4566969585,37.61147953,0.4583130311,37.905163943,0.4567032149,0.2510071613,0.6481574476,-1.019381436,1.5213957585,0.2105478935,0.6458714565,-1.055360161,1.4764559482,,,,
FIO2(u),DonorHb_Cat,3,3,37.044188862,0.4583022489,37.372498512,0.4566806501,37.295196024,0.4582958126,37.583046405,0.4566875433,0.2510071613,0.6481327049,-1.01933294,1.5213472629,0.2105478935,0.6458488433,-1.055315839,1.4764116264,,,,
FIO2(u),DonorHb_Cat,4,4,37.135196169,0.4584871346,37.49045536,0.4568683887,37.38620333,0.4584803719,37.701003253,0.4568750599,0.2510071613,0.648393942,-1.019844965,1.5218592877,0.2105478935,0.6461141888,-1.055835917,1.4769317036,,,,
FIO2(u),DonorHb_Cat,5,5,38.334615737,0.4629827322,38.7079598,0.4613459984,38.585622898,0.4629766206,38.918507694,0.4613532888,0.2510071613,0.6547521374,-1.032307028,1.5343213507,0.2105478935,0.652446923,-1.068248076,1.4893438626,,,,
FIO2(u),Storage_Cat,1,,37.220264373,0.4683518927,37.048281214,0.4648204492,37.450909739,0.4683457618,37.228860681,0.4648283565,0.2306453654,0.6623452634,-1.067551351,1.5288420816,0.1805794677,0.6573609746,-1.107848043,1.4690069779,1,,,
FIO2(u),Storage_Cat,2,,37.351668262,0.4680536887,37.302990797,0.4645178164,37.582313627,0.4680471531,37.483570265,0.4645251114,0.2306453654,0.6619232531,-1.066724211,1.5280149415,0.1805794677,0.6569325543,-1.107008339,1.4681672741,2,,,
FIO2(u),Storage_Cat,3,,37.382406277,0.4681589813,37.394977726,0.464623711,37.613051643,0.4681525122,37.575557194,0.4646309865,0.2306453654,0.6620722064,-1.067016159,1.5283068899,0.1805794677,0.6570822981,-1.107301837,1.4684607719,3,,,
FIO2(u),Storage_Cat,4,,37.414921187,0.468582563,37.233351206,0.4650367053,37.645566553,0.4685752214,37.413930674,0.4650428513,0.2306453654,0.6626706244,-1.068189058,1.5294797892,0.1805794677,0.6576655615,-1.108445033,1.4696039683,4,,,
FIO2(u),Storage_Cat,5,,35.621816183,0.470309954,35.620064783,0.4667517122,35.852461548,0.4703047502,35.800644251,0.4667593397,0.2306453654,0.6651150359,-1.072980105,1.5342708357,0.1805794677,0.6600919951,-1.113200843,1.4743597781,5,,,
FIO2(u),DonorSex,1,,37.140717917,0.4586680317,37.466992726,0.456938741,37.38721941,0.4586619898,37.673895026,0.4569457916,0.2465014939,0.6486502788,-1.024853053,1.5178560404,0.2069022996,0.6462139502,-1.059677043,1.473481642,,1,,
FIO2(u),DonorSex,2,,37.400122426,0.4586834754,37.736483973,0.4569525126,37.64662392,0.4586770116,37.943386272,0.4569590453,0.2465014939,0.6486718212,-1.024895276,1.5178982634,0.2069022996,0.64623306,-1.059714498,1.4735190973,,2,,
FIO2(u),DonorParity,0,,37.156660453,0.4586482554,37.480238044,0.4569279156,37.404235396,0.4586422707,37.687825174,0.4569350302,0.2475749435,0.6486223514,-1.023724865,1.5188747522,0.2075871294,0.6461986861,-1.058962295,1.4741365542,,,0,
FIO2(u),DonorParity,1,,37.480529447,0.4587085737,37.814751277,0.4569867091,37.728104391,0.4587017531,38.022338407,0.4569928843,0.2475749435,0.6487070632,-1.0238909,1.5190407874,0.2075871294,0.6462811683,-1.059123961,1.4742982193,,,1,
FIO2(u),wdy_donation,1,,27.642467968,0.8341293618,27.846267373,0.8306492934,27.891972517,0.8341442676,28.055361679,0.83066925,0.2495045498,1.1796475963,-2.062604739,2.5616138385,0.2090943054,1.1747296078,-2.093375726,2.5115643367,,,,1
FIO2(u),wdy_donation,2,,37.484619464,0.4586979046,37.793084172,0.4570446853,37.734124014,0.45869146,38.002178477,0.4570512832,0.2495045498,0.6486922408,-1.021932242,1.5209413417,0.2090943054,0.646363458,-1.057778072,1.475966683,,,,2
FIO2(u),wdy_donation,3,,36.63285741,0.4587042893,36.959501591,0.4570532931,36.882361959,0.4586976865,37.168595896,0.4570598311,0.2495045498,0.6487011582,-1.02194972,1.5209588198,0.2090943054,0.646375589,-1.057801849,1.4759904597,,,,3
FIO2(u),wdy_donation,4,,37.086830847,0.4586744597,37.398197273,0.4570214724,37.336335397,0.4586684314,37.607291578,0.4570284597,0.2495045498,0.648659379,-1.021867833,1.5208769327,0.2090943054,0.6463309053,-1.057714269,1.4759028798,,,,4
FIO2(u),wdy_donation,5,,37.714305517,0.4587354753,38.033274613,0.4570864934,37.963810067,0.4587295233,38.242368918,0.4570936978,0.2495045498,0.648745722,-1.022037065,1.521046165,0.2090943054,0.6464230124,-1.057894799,1.4760834097,,,,5
FIO2(u),wdy_donation,6,,37.961955103,0.4589606874,38.317022734,0.4572985085,38.211459653,0.4589549145,38.52611704,0.4573052404,0.2495045498,0.6490643467,-1.02266157,1.5216706693,0.2090943054,0.646722513,-1.05848182,1.4766704308,,,,6
FIO2(u),wdy_donation,7,,37.00018761,0.4592015648,37.331394456,0.4575600285,37.24969216,0.4591954237,37.540488761,0.4575675311,0.2495045498,0.6494047384,-1.023328737,1.522337837,0.2090943054,0.6470929031,-1.059207785,1.4773963954,,,,7
SpO2,DonorHb_Cat,1,1,95.328413788,0.0873921856,95.384475325,0.0873789078,95.453687764,0.087391783,95.506784138,0.0873811488,0.1252739759,0.1235909294,-0.116964246,0.3675121976,0.1223088134,0.1235740211,-0.119896268,0.3645138948,,,,
SpO2,DonorHb_Cat,2,2,95.424796062,0.0871799013,95.477688335,0.0871656789,95.550070038,0.0871792217,95.599997149,0.0871676268,0.1252739759,0.1232905183,-0.11637544,0.3669233917,0.1223088134,0.1232722627,-0.119304821,0.3639224482,,,,
SpO2,DonorHb_Cat,3,3,95.448209709,0.0871760602,95.501986833,0.0871620136,95.573483685,0.0871754896,95.624295647,0.0871640761,0.1252739759,0.1232851632,-0.116364944,0.3669128957,0.1223088134,0.1232671602,-0.119294821,0.3639124473,,,,
SpO2,DonorHb_Cat,4,4,95.379148345,0.0872283283,95.433892078,0.0872151251,95.504422321,0.0872276143,95.556200892,0.0872170504,0.1252739759,0.12335898,-0.116509625,0.3670575767,0.1223088134,0.1233421742,-0.119441848,0.3640594747,,,,
SpO2,DonorHb_Cat,5,5,95.48817365,0.08850686,95.508548787,0.0884906582,95.613447626,0.0885064499,95.630857601,0.0884929652,0.1252739759,0.1251673118,-0.120053955,0.370601907,0.1223088134,0.1251463203,-0.122977974,0.3675956011,,,,
SpO2,Storage_Cat,1,,95.393772412,0.0897980213,95.489231697,0.0896113525,95.518803592,0.0897977176,95.609893766,0.0896136546,0.1250311798,0.1269933648,-0.123875815,0.3739381749,0.1206620692,0.1267312179,-0.127731118,0.3690552562,1,,,
SpO2,Storage_Cat,2,,95.414153157,0.0897115449,95.504526533,0.0895234226,95.539184337,0.0897110575,95.625188602,0.0895254973,0.1250311798,0.1268709388,-0.12363586,0.3736982199,0.1206620692,0.1266067055,-0.127487074,0.3688112119,2,,,
SpO2,Storage_Cat,3,,95.453149377,0.0897423197,95.541767,0.089555182,95.578180557,0.089741764,95.662429069,0.0895571569,0.1250311798,0.1269144127,-0.123721069,0.3737834286,0.1206620692,0.1266515495,-0.127574968,0.3688991062,3,,,
SpO2,Storage_Cat,4,,95.375447008,0.0898695661,95.474274892,0.08967922,95.500478188,0.0898690742,95.594936962,0.0896812284,0.1250311798,0.1270944114,-0.124073867,0.3741362262,0.1206620692,0.1268269894,-0.12791883,0.3692429683,4,,,
SpO2,Storage_Cat,5,,95.43948454,0.0904139618,95.528396442,0.0902243888,95.56451572,0.0904136448,95.649058511,0.0902264619,0.1250311798,0.1278644268,-0.125583097,0.3756454563,0.1206620692,0.1275980202,-0.12943005,0.3707541887,5,,,
SpO2,DonorSex,1,,95.434256254,0.0880439183,95.479657202,0.0880245757,95.561093637,0.0880434396,95.603135373,0.0880266503,0.1268373834,0.1245125649,-0.117207244,0.3708820106,0.1234781712,0.1244870158,-0.12051638,0.3674727222,,1,,
SpO2,DonorSex,2,,95.440319013,0.0880478603,95.488117824,0.0880283434,95.567156396,0.0880472928,95.611595995,0.0880303167,0.1268373834,0.1245180769,-0.117218047,0.3708928141,0.1234781712,0.1244922724,-0.120526683,0.3674830251,,2,,
SpO2,DonorParity,0,,95.436019795,0.0880307376,95.481839337,0.0880107585,95.562850765,0.0880302313,95.605300538,0.088012815,0.1268309699,0.124493905,-0.117177084,0.3708390237,0.1234612007,0.1244674625,-0.120495026,0.3674174272,,,0,
SpO2,DonorParity,1,,95.445238749,0.0880479706,95.49621628,0.0880275226,95.572069719,0.0880474232,95.619677481,0.0880294941,0.1268309699,0.1245182471,-0.117224794,0.3708867343,0.1234612007,0.1244911104,-0.120541376,0.367463777,,,1,
SpO2,wdy_donation,1,,95.707549416,0.1654880622,95.714152549,0.16533799,95.834382242,0.1654888225,95.837633807,0.1653397167,0.126832826,0.2340359996,-0.331877733,0.5855433852,0.1234812588,0.2338244488,-0.334814661,0.5817771783,,,,1
SpO2,wdy_donation,2,,95.3601229,0.0880553501,95.410130659,0.0880365247,95.486955726,0.0880548015,95.533611917,0.0880385238,0.126832826,0.1245286825,-0.117243392,0.3709090436,0.1234812588,0.1245038608,-0.120546308,0.3675088259,,,,2
SpO2,wdy_donation,3,,95.489843567,0.0880552798,95.53709586,0.0880366506,95.616676393,0.0880546875,95.660577119,0.0880386206,0.126832826,0.1245285521,-0.117243136,0.3709087882,0.1234812588,0.1245040182,-0.120546617,0.3675091345,,,,3
SpO2,wdy_donation,4,,95.458008784,0.088048248,95.503497704,0.0880299877,95.58484161,0.0880477701,95.626978962,0.0880320762,0.126832826,0.1245186885,-0.117223803,0.3708894555,0.1234812588,0.1244946793,-0.120528313,0.3674908302,,,,4
SpO2,wdy_donation,5,,95.439666164,0.088064656,95.488519364,0.088047348,95.56649899,0.0880641954,95.612000623,0.0880494292,0.126832826,0.1245419052,-0.117269308,0.3709349601,0.1234812588,0.1245192253,-0.120576423,0.3675389404,,,,5
SpO2,wdy_donation,6,,95.450215592,0.088130096,95.498451138,0.0881104281,95.577048418,0.0881295922,95.621932397,0.088112353,0.126832826,0.1246344208,-0.117450639,0.3711162907,0.1234812588,0.1246083235,-0.120751055,0.3677135729,,,,6
SpO2,wdy_donation,7,,95.450209221,0.0881979824,95.494026659,0.0881831675,95.577042047,0.0881975074,95.617507917,0.0881853682,0.126832826,0.124730447,-0.11763885,0.371304502,0.1234812588,0.1247113876,-0.120953061,0.3679155785,,,,7
VE(u),DonorHb_Cat,1,1,14.301545646,0.34262706,13.472167355,0.3406584156,14.361803866,0.3426269289,13.495888281,0.3406669321,0.0602582209,0.4845477423,-0.889455354,1.0099717959,0.0237209258,0.4817697736,-0.92054783,0.967989682,,,,
VE(u),DonorHb_Cat,2,2,14.857569042,0.3421198615,14.056549122,0.3401459229,14.917827262,0.3421194403,14.080270048,0.3401538954,0.0602582209,0.4838302503,-0.88804907,1.0085655115,0.0237209258,0.4810446148,-0.919126519,0.9665683708,,,,
VE(u),DonorHb_Cat,3,3,14.526506684,0.3421089628,13.722764166,0.3401353602,14.586764905,0.342108855,13.746485092,0.3401436989,0.0602582209,0.4838150588,-0.888019294,1.0085357361,0.0237209258,0.4810299358,-0.919097748,0.9665396,,,,
VE(u),DonorHb_Cat,4,4,14.571074307,0.3422463746,13.750246972,0.3402761278,14.631332528,0.3422461054,13.773967897,0.3402844033,0.0602582209,0.4840092743,-0.888399957,1.0089163984,0.0237209258,0.4812289665,-0.919487849,0.9669297002,,,,
VE(u),DonorHb_Cat,5,5,14.818466445,0.3453756858,14.012982497,0.3434110832,14.878724666,0.3453765338,14.036703423,0.3434204543,0.0602582209,0.4884355787,-0.897075513,1.017591955,0.0237209258,0.4856632377,-0.92817902,0.9756208717,,,,
VE(u),Storage_Cat,1,,15.066812128,0.3503501408,14.28910355,0.3480165945,15.097056985,0.350350817,14.289439171,0.3480262288,0.0302448567,0.4954703989,-0.940877125,1.0013668385,0.0003356212,0.4921766004,-0.964330516,0.965001758,1,,,
VE(u),Storage_Cat,2,,14.900077232,0.3501297354,14.138655682,0.3477923646,14.930322088,0.3501298305,14.138991303,0.3478012657,0.0302448567,0.4951582876,-0.940265387,1.0007551005,0.0003356212,0.491858973,-0.963707966,0.9643792082,2,,,
VE(u),Storage_Cat,3,,14.76616794,0.3502117451,13.986838829,0.3478743305,14.796412797,0.3502121748,13.987174451,0.347883494,0.0302448567,0.4952745035,-0.94049317,1.0009828835,0.0003356212,0.4919750758,-0.963935527,0.9646067698,3,,,
VE(u),Storage_Cat,4,,15.128238538,0.3505105959,14.403549828,0.3481694223,15.158483394,0.350510178,14.403885449,0.3481775684,0.0302448567,0.495696543,-0.941320368,1.001810081,0.0003356212,0.4923916792,-0.96475207,0.9654233124,4,,,
VE(u),Storage_Cat,5,,14.717141329,0.351748364,13.967957463,0.349407086,14.747386185,0.3517485563,13.968293084,0.3494155733,0.0302448567,0.4974474429,-0.944752131,1.0052418448,0.0003356212,0.4941422412,-0.968183172,0.968854414,5,,,
VE(u),DonorSex,1,,14.90797106,0.3489573209,14.082488338,0.3467543465,14.959186328,0.3489575058,14.097289455,0.3467628872,0.0512152682,0.4935003066,-0.916045333,1.0184758692,0.0148011169,0.4903907388,-0.946364731,0.9759669651,,1,,
VE(u),DonorSex,2,,15.172584781,0.3489656951,14.340806414,0.3467623352,15.223800049,0.3489655142,14.355607531,0.3467704622,0.0512152682,0.4935118909,-0.916068038,1.0184985745,0.0148011169,0.490401744,-0.946386301,0.9759885352,,2,,
VE(u),DonorParity,0,,14.979365577,0.3490904104,14.149594307,0.3468738734,15.030972835,0.3490906079,14.164703094,0.3468824339,0.0516072587,0.4936885325,-0.916022265,1.0192367824,0.0151087877,0.4905597894,-0.9463884,0.9766059749,,,0,
VE(u),DonorParity,1,,15.154843,0.3491321662,14.320374347,0.3469148604,15.206450259,0.3491317517,14.335483135,0.3469227425,0.0516072587,0.4937471514,-0.916137158,1.0193516754,0.0151087877,0.4906172741,-0.946501069,0.9767186449,,,1,
VE(u),wdy_donation,1,,15.588147844,0.6197625817,15.08828858,0.6174296148,15.641057531,0.6197756424,15.104818363,0.6174458263,0.0529096871,0.8764858839,-1.665002645,1.7708220195,0.0165297825,0.8731887984,-1.694920262,1.7279798273,,,,1
VE(u),wdy_donation,2,,14.702827321,0.3491198707,13.886807823,0.3469076879,14.755737008,0.3491196967,13.903337605,0.3469157999,0.0529096871,0.493729933,-0.914800982,1.0206203558,0.0165297825,0.4906072932,-0.945060512,0.9781200771,,,,2
VE(u),wdy_donation,3,,14.99082592,0.3491294928,14.166866579,0.3469201272,15.043735608,0.3491291722,14.183396361,0.3469282377,0.0529096871,0.4937434371,-0.914827449,1.0206468238,0.0165297825,0.490624884,-0.94509499,0.978154555,,,,3
VE(u),wdy_donation,4,,15.053859685,0.3491067042,14.232875902,0.346895128,15.106769373,0.3491069807,14.249405685,0.3469037247,0.0529096871,0.4937116313,-0.91476511,1.0205844845,0.0165297825,0.4905898736,-0.94502637,0.9780859347,,,,4
VE(u),wdy_donation,5,,15.159756909,0.3491510612,14.319516321,0.3469417697,15.212666597,0.3491511034,14.336046104,0.3469502117,0.0529096871,0.4937741959,-0.914887737,1.020707111,0.0165297825,0.4906557255,-0.94515544,0.9782150045,,,,5
VE(u),wdy_donation,6,,15.454899628,0.3493116417,14.626179095,0.3470964081,15.507809315,0.3493120251,14.642708878,0.3471047796,0.0529096871,0.4940015323,-0.915333316,1.0211526904,0.0165297825,0.4908743674,-0.945583978,0.9786435426,,,,6
VE(u),wdy_donation,7,,15.527005788,0.3494898246,14.650933943,0.3472905516,15.579915475,0.3494900103,14.667463725,0.3472995711,0.0529096871,0.4942533812,-0.91582694,1.0216463143,0.0165297825,0.4911493859,-0.946123014,0.9791825789,,,,7
